scenario,variant,replicate,method,target_function,noise_std,depth,width,parameter_count,objective,train_mse,clean_mse,test_mse,violation_rate,training_time_s,objective_evaluations,acceptance_rate
baseline,sin_pi,0,GD,sin_pi,0.0,1,40,121,0.001985642889293645,0.001985642889293645,0.001985642889293645,0.001918349226667956,0.305,0.17020783387124538,2000.0,
baseline,sin_pi,0,MC,sin_pi,0.0,1,40,121,0.006085497421260713,0.006085497421260713,0.006085497421260713,0.005834974089100993,0.6155,0.10996192898601294,2000.0,0.09125
baseline,sin_pi,1,GD,sin_pi,0.0,1,40,121,0.003205947713362968,0.003205947713362968,0.003205947713362968,0.00307562636984101,0.46,0.17815683293156326,2000.0,
baseline,sin_pi,1,MC,sin_pi,0.0,1,40,121,0.00563622697560308,0.00563622697560308,0.00563622697560308,0.005388717553792619,0.6255,0.11447039593476802,2000.0,0.0898
baseline,sin_pi,2,GD,sin_pi,0.0,1,40,121,0.003250562411522329,0.003250562411522329,0.003250562411522329,0.0031197891539250025,0.46,0.1827902088407427,2000.0,
baseline,sin_pi,2,MC,sin_pi,0.0,1,40,121,0.006749741663353223,0.006749741663353223,0.006749741663353223,0.00643258116728902,0.665,0.11013385837431997,2000.0,0.08625
baseline,sin_pi,3,GD,sin_pi,0.0,1,40,121,0.002089820326320823,0.002089820326320823,0.002089820326320823,0.002016492345207932,0.315,0.1770123338792473,2000.0,
baseline,sin_pi,3,MC,sin_pi,0.0,1,40,121,0.004902945306418432,0.004902945306418432,0.004902945306418432,0.0047172534463528395,0.586,0.1147667377255857,2000.0,0.08425
baseline,sin_pi,4,GD,sin_pi,0.0,1,40,121,0.0032569319978717646,0.0032569319978717646,0.0032569319978717646,0.003125755777245492,0.465,0.17913400009274483,2000.0,
baseline,sin_pi,4,MC,sin_pi,0.0,1,40,121,0.005185300655070382,0.005185300655070382,0.005185300655070382,0.004911755597755485,0.5,0.12168181247543544,2000.0,0.09285
baseline,sin_pi,5,GD,sin_pi,0.0,1,40,121,0.0021474248401241003,0.0021474248401241003,0.0021474248401241003,0.0020720150909376124,0.32,0.17837720806710422,2000.0,
baseline,sin_pi,5,MC,sin_pi,0.0,1,40,121,0.00469453700233013,0.00469453700233013,0.00469453700233013,0.0044730764989256554,0.53,0.12024969581980258,2000.0,0.0922
baseline,sin_pi,6,GD,sin_pi,0.0,1,40,121,0.002305827396378898,0.002305827396378898,0.002305827396378898,0.0022216162757435092,0.365,0.18833541707135737,2000.0,
baseline,sin_pi,6,MC,sin_pi,0.0,1,40,121,0.006486293706672887,0.006486293706672887,0.006486293706672887,0.006178831752640668,0.6405000000000001,0.12461324161849915,2000.0,0.09090000000000001
baseline,sin_pi,7,GD,sin_pi,0.0,1,40,121,0.00245302075248255,0.00245302075248255,0.00245302075248255,0.002361381777431905,0.39,0.20519295893609524,2000.0,
baseline,sin_pi,7,MC,sin_pi,0.0,1,40,121,0.004804605154365804,0.004804605154365804,0.004804605154365804,0.00456693266395862,0.5215,0.1264633249491453,2000.0,0.0849
baseline,sin_pi,8,GD,sin_pi,0.0,1,40,121,0.002255075215898509,0.002255075215898509,0.002255075215898509,0.002174780301912544,0.34,0.18314054096117616,2000.0,
baseline,sin_pi,8,MC,sin_pi,0.0,1,40,121,0.0057512114628927,0.0057512114628927,0.0057512114628927,0.005505575415147217,0.623,0.11864031662698835,2000.0,0.08895
baseline,sin_pi,9,GD,sin_pi,0.0,1,40,121,0.0032750829878609735,0.0032750829878609735,0.0032750829878609735,0.003141654442043506,0.465,0.17905658297240734,2000.0,
baseline,sin_pi,9,MC,sin_pi,0.0,1,40,121,0.006535546689365438,0.006535546689365438,0.006535546689365438,0.006201922905902143,0.627,0.1247610169230029,2000.0,0.08985
baseline,sin_pi,10,GD,sin_pi,0.0,1,40,121,0.002297298567979264,0.002297298567979264,0.002297298567979264,0.002214195770214977,0.35,0.2987457080744207,2000.0,
baseline,sin_pi,10,MC,sin_pi,0.0,1,40,121,0.005354151663473969,0.005354151663473969,0.005354151663473969,0.005117107465115465,0.579,0.13073613736778497,2000.0,0.08465
baseline,sin_pi,11,GD,sin_pi,0.0,1,40,121,0.0031579245805846297,0.0031579245805846297,0.0031579245805846297,0.003029940204189553,0.455,0.19982679188251495,2000.0,
baseline,sin_pi,11,MC,sin_pi,0.0,1,40,121,0.007067778618771306,0.007067778618771306,0.007067778618771306,0.006763502808612709,0.679,0.12123680391814559,2000.0,0.0786
baseline,sin_pi,12,GD,sin_pi,0.0,1,40,121,0.0021408552794502135,0.0021408552794502135,0.0021408552794502135,0.002064744102964552,0.325,0.17131408280692995,2000.0,
baseline,sin_pi,12,MC,sin_pi,0.0,1,40,121,0.004376178763765054,0.004376178763765054,0.004376178763765054,0.004196120145153286,0.529,0.11789970428217203,2000.0,0.08345
baseline,sin_pi,13,GD,sin_pi,0.0,1,40,121,0.0018658620708650508,0.0018658620708650508,0.0018658620708650508,0.0018035945643856013,0.295,0.18009254103526473,2000.0,
baseline,sin_pi,13,MC,sin_pi,0.0,1,40,121,0.004882176729053791,0.004882176729053791,0.004882176729053791,0.00465089767260178,0.5700000000000001,0.12434462085366249,2000.0,0.08065
baseline,sin_pi,14,GD,sin_pi,0.0,1,40,121,0.003277684358436408,0.003277684358436408,0.003277684358436408,0.0031428492440622392,0.465,0.16972299991175532,2000.0,
baseline,sin_pi,14,MC,sin_pi,0.0,1,40,121,0.005340364383414707,0.005340364383414707,0.005340364383414707,0.005105581430436038,0.61,0.13961222087964414,2000.0,0.08935
baseline,sin_pi,15,GD,sin_pi,0.0,1,40,121,0.0016504908152222184,0.0016504908152222184,0.0016504908152222184,0.0015991770682569047,0.27,0.24745212495326996,2000.0,
baseline,sin_pi,15,MC,sin_pi,0.0,1,40,121,0.005931845263400735,0.005931845263400735,0.005931845263400735,0.00562332568058189,0.5860000000000001,0.12720539157744498,2000.0,0.0856
baseline,sin_pi,16,GD,sin_pi,0.0,1,40,121,0.003183397427703762,0.003183397427703762,0.003183397427703762,0.0030551088075653726,0.46,0.18853283300995827,2000.0,
baseline,sin_pi,16,MC,sin_pi,0.0,1,40,121,0.005315990210348543,0.005315990210348543,0.005315990210348543,0.005067153766833225,0.5605,0.13238930844236166,2000.0,0.09375
baseline,sin_pi,17,GD,sin_pi,0.0,1,40,121,0.0022950420746684448,0.0022950420746684448,0.0022950420746684448,0.002211428998466623,0.36,0.18138737510889769,2000.0,
baseline,sin_pi,17,MC,sin_pi,0.0,1,40,121,0.006879968445413711,0.006879968445413711,0.006879968445413711,0.006546424037313528,0.6359999999999999,0.1272689917124808,2000.0,0.09519999999999999
baseline,sin_pi,18,GD,sin_pi,0.0,1,40,121,0.002471632059004236,0.002471632059004236,0.002471632059004236,0.002379673588465611,0.39,0.20436691702343524,2000.0,
baseline,sin_pi,18,MC,sin_pi,0.0,1,40,121,0.005973269610523839,0.005973269610523839,0.005973269610523839,0.005700520468683145,0.6255,0.13883542073890567,2000.0,0.09
baseline,sin_pi,19,GD,sin_pi,0.0,1,40,121,0.0031362923401548133,0.0031362923401548133,0.0031362923401548133,0.0030095241567537822,0.455,0.2387625421397388,2000.0,
baseline,sin_pi,19,MC,sin_pi,0.0,1,40,121,0.005455080219884434,0.005455080219884434,0.005455080219884434,0.005202521611096483,0.626,0.12917047492228448,2000.0,0.091
function,bowl,0,GD,bowl,0.0,1,40,161,0.0014210612017914685,0.0014210612017914685,0.0014210612017914685,0.0010660795160531765,0.1744,0.39844391611404717,2000.0,
function,bowl,0,MC,bowl,0.0,1,40,161,0.005286798127708362,0.005286798127708362,0.005286798127708362,0.003907371101870003,0.37664,0.2413718168158084,2000.0,0.06620000000000001
function,bowl,1,GD,bowl,0.0,1,40,161,0.0016674868481734834,0.0016674868481734834,0.0016674868481734834,0.0015028008701976358,0.2384,0.4288055840879679,2000.0,
function,bowl,1,MC,bowl,0.0,1,40,161,0.005320917244593737,0.005320917244593737,0.005320917244593737,0.0038992420871769894,0.4128,0.2621986167039722,2000.0,0.065
function,bowl,2,GD,bowl,0.0,1,40,161,0.0019138637432778295,0.0019138637432778295,0.0019138637432778295,0.0017164626194455805,0.2752,0.46850895788520575,2000.0,
function,bowl,2,MC,bowl,0.0,1,40,161,0.009059483521970524,0.009059483521970524,0.009059483521970524,0.006896761842870569,0.5072,0.259580583171919,2000.0,0.0641
function,bowl,3,GD,bowl,0.0,1,40,161,0.001581576620952106,0.001581576620952106,0.001581576620952106,0.0011764128056670116,0.2016,0.43698320793919265,2000.0,
function,bowl,3,MC,bowl,0.0,1,40,161,0.004476494176148335,0.004476494176148335,0.004476494176148335,0.003519593594245114,0.41856,0.2758196752052754,2000.0,0.0722
function,bowl,4,GD,bowl,0.0,1,40,161,0.0019197994780868796,0.0019197994780868796,0.0019197994780868796,0.001715673263511589,0.2848,0.45406220806762576,2000.0,
function,bowl,4,MC,bowl,0.0,1,40,161,0.0085063451306983,0.0085063451306983,0.0085063451306983,0.006542704118073062,0.50912,0.2670627580489963,2000.0,0.0713
function,bowl,5,GD,bowl,0.0,1,40,161,0.0016572518733741764,0.0016572518733741764,0.0016572518733741764,0.0012325808128098264,0.2,0.4622700419276953,2000.0,
function,bowl,5,MC,bowl,0.0,1,40,161,0.005958758977659239,0.005958758977659239,0.005958758977659239,0.004502587624441713,0.44800000000000006,0.2679956837091595,2000.0,0.06910000000000001
function,bowl,6,GD,bowl,0.0,1,40,161,0.0013768924259106889,0.0013768924259106889,0.0013768924259106889,0.0012070274705518918,0.1552,0.454409833997488,2000.0,
function,bowl,6,MC,bowl,0.0,1,40,161,0.005951490448829496,0.005951490448829496,0.005951490448829496,0.004451792898369859,0.43552,0.24698368324898184,2000.0,0.0702
function,bowl,7,GD,bowl,0.0,1,40,161,0.0014373554227296967,0.0014373554227296967,0.0014373554227296967,0.0012948002917002924,0.1872,0.44394266698509455,2000.0,
function,bowl,7,MC,bowl,0.0,1,40,161,0.005473512014439702,0.005473512014439702,0.005473512014439702,0.0042115242101934845,0.45088,0.2644468413665891,2000.0,0.0671
function,bowl,8,GD,bowl,0.0,1,40,161,0.0020796837707369002,0.0020796837707369002,0.0020796837707369002,0.0015596283151351306,0.28,0.45287370891310275,2000.0,
function,bowl,8,MC,bowl,0.0,1,40,161,0.004438956507595949,0.004438956507595949,0.004438956507595949,0.00323252873320232,0.38015999999999994,0.25975454146973787,2000.0,0.0669
function,bowl,9,GD,bowl,0.0,1,40,161,0.0020685342708028367,0.0020685342708028367,0.0020685342708028367,0.0015545843417277617,0.28,0.4481450829189271,2000.0,
function,bowl,9,MC,bowl,0.0,1,40,161,0.004985458194514918,0.004985458194514918,0.004985458194514918,0.003725243782083082,0.42336,0.2680027167778462,2000.0,0.0712
function,bowl,10,GD,bowl,0.0,1,40,161,0.0018484098263438008,0.0018484098263438008,0.0018484098263438008,0.0013777839575606894,0.2288,0.47366691706702113,2000.0,
function,bowl,10,MC,bowl,0.0,1,40,161,0.00500129567728678,0.00500129567728678,0.00500129567728678,0.003750333501856694,0.41184000000000004,0.2614163000136614,2000.0,0.066
function,bowl,11,GD,bowl,0.0,1,40,161,0.0015251262380529599,0.0015251262380529599,0.0015251262380529599,0.0011337843820048857,0.2,0.47935416689142585,2000.0,
function,bowl,11,MC,bowl,0.0,1,40,161,0.004939884840064106,0.004939884840064106,0.004939884840064106,0.0038608318108954006,0.42303999999999997,0.26792638320475815,2000.0,0.06770000000000001
function,gaussian_bump,0,GD,gaussian_bump,0.0,1,40,121,0.00038884368147894336,0.00038884368147894336,0.00038884368147894336,0.0003828094028333933,0.0,0.22419312503188848,2000.0,
function,gaussian_bump,0,MC,gaussian_bump,0.0,1,40,121,0.01568835768442662,0.01568835768442662,0.01568835768442662,0.015519582977964078,0.62,0.13240345842204987,2000.0,0.1109
function,gaussian_bump,1,GD,gaussian_bump,0.0,1,40,121,0.00035311145239117506,0.00035311145239117506,0.00035311145239117506,0.0003510941866730313,0.0,0.19284945796243846,2000.0,
function,gaussian_bump,1,MC,gaussian_bump,0.0,1,40,121,0.019027787783219653,0.019027787783219653,0.019027787783219653,0.018786838797588357,0.7390000000000001,0.1246530503500253,2000.0,0.11410000000000001
function,gaussian_bump,2,GD,gaussian_bump,0.0,1,40,121,0.0006274027167297126,0.0006274027167297126,0.0006274027167297126,0.0006217583726727192,0.0,0.18565620807930827,2000.0,
function,gaussian_bump,2,MC,gaussian_bump,0.0,1,40,121,0.02530879114965519,0.02530879114965519,0.02530879114965519,0.02495166328416154,0.773,0.12465711659751832,2000.0,0.1126
function,gaussian_bump,3,GD,gaussian_bump,0.0,1,40,121,0.0009461980650943686,0.0009461980650943686,0.0009461980650943686,0.0009335199484178649,0.065,0.1955892499536276,2000.0,
function,gaussian_bump,3,MC,gaussian_bump,0.0,1,40,121,0.022581466723823034,0.022581466723823034,0.022581466723823034,0.02246548820799888,0.73,0.1284831751603633,2000.0,0.12079999999999999
function,gaussian_bump,4,GD,gaussian_bump,0.0,1,40,121,0.000478825147663667,0.000478825147663667,0.000478825147663667,0.00047745851671946794,0.0,0.19804300018586218,2000.0,
function,gaussian_bump,4,MC,gaussian_bump,0.0,1,40,121,0.02234891729622431,0.02234891729622431,0.02234891729622431,0.022177754616822913,0.765,0.13247485021129252,2000.0,0.1136
function,gaussian_bump,5,GD,gaussian_bump,0.0,1,40,121,0.0004504908415531776,0.0004504908415531776,0.0004504908415531776,0.0004411268651979961,0.0,0.21868745889514685,2000.0,
function,gaussian_bump,5,MC,gaussian_bump,0.0,1,40,121,0.018764486589104533,0.018764486589104533,0.018764486589104533,0.01859063810736029,0.6980000000000001,0.13518489194102584,2000.0,0.11040000000000001
function,gaussian_bump,6,GD,gaussian_bump,0.0,1,40,121,0.0015904701180702754,0.0015904701180702754,0.0015904701180702754,0.001559135756554418,0.18,0.19894633279182017,2000.0,
function,gaussian_bump,6,MC,gaussian_bump,0.0,1,40,121,0.015362726745300426,0.015362726745300426,0.015362726745300426,0.015237406778810903,0.717,0.12919810018502176,2000.0,0.1133
function,gaussian_bump,7,GD,gaussian_bump,0.0,1,40,121,0.0006348161593028299,0.0006348161593028299,0.0006348161593028299,0.0006260022496073001,0.005,0.19418016681447625,2000.0,
function,gaussian_bump,7,MC,gaussian_bump,0.0,1,40,121,0.014213405556473352,0.014213405556473352,0.014213405556473352,0.014101790577554878,0.705,0.1322438668925315,2000.0,0.11420000000000001
function,gaussian_bump,8,GD,gaussian_bump,0.0,1,40,121,0.0006602276647009855,0.0006602276647009855,0.0006602276647009855,0.000646946518508523,0.005,0.21388450008817017,2000.0,
function,gaussian_bump,8,MC,gaussian_bump,0.0,1,40,121,0.022447163314301306,0.022447163314301306,0.022447163314301306,0.02218598453316186,0.7390000000000001,0.12753134169615804,2000.0,0.11510000000000001
function,gaussian_bump,9,GD,gaussian_bump,0.0,1,40,121,0.00044312127470686814,0.00044312127470686814,0.00044312127470686814,0.00043304332876063333,0.0,0.19304495817050338,2000.0,
function,gaussian_bump,9,MC,gaussian_bump,0.0,1,40,121,0.01522654654859133,0.01522654654859133,0.01522654654859133,0.015001779879856519,0.736,0.12332922522909939,2000.0,0.1159
function,gaussian_bump,10,GD,gaussian_bump,0.0,1,40,121,0.0009230744051695587,0.0009230744051695587,0.0009230744051695587,0.0009033851576667383,0.1,0.20614520786330104,2000.0,
function,gaussian_bump,10,MC,gaussian_bump,0.0,1,40,121,0.021491232121965263,0.021491232121965263,0.021491232121965263,0.021180356068021745,0.732,0.12752929162234067,2000.0,0.1091
function,gaussian_bump,11,GD,gaussian_bump,0.0,1,40,121,0.0004431148508495674,0.0004431148508495674,0.0004431148508495674,0.0004416421160090801,0.0,0.18547458294779062,2000.0,
function,gaussian_bump,11,MC,gaussian_bump,0.0,1,40,121,0.010480729098323613,0.010480729098323613,0.010480729098323613,0.010365463425642516,0.65,0.12429970018565654,2000.0,0.1147
function,mixed_surface,0,GD,mixed_surface,0.0,1,40,161,0.11461638160833518,0.11461638160833518,0.11461638160833518,0.10552815372678849,0.8832,0.45189754106104374,2000.0,
function,mixed_surface,0,MC,mixed_surface,0.0,1,40,161,0.16250584947664912,0.16250584947664912,0.16250584947664912,0.16368390442408093,0.90464,0.26787152523174884,2000.0,0.036
function,mixed_surface,1,GD,mixed_surface,0.0,1,40,161,0.10699887218179051,0.10699887218179051,0.10699887218179051,0.09848191361828082,0.8832,0.4701179580297321,2000.0,
function,mixed_surface,1,MC,mixed_surface,0.0,1,40,161,0.16380280814206177,0.16380280814206177,0.16380280814206177,0.16545246386908372,0.9033599999999999,0.2715970584657043,2000.0,0.0268
function,mixed_surface,2,GD,mixed_surface,0.0,1,40,161,0.13678041762659107,0.13678041762659107,0.13678041762659107,0.12895074020861416,0.8832,0.4636599160730839,2000.0,
function,mixed_surface,2,MC,mixed_surface,0.0,1,40,161,0.16380575153425858,0.16380575153425858,0.16380575153425858,0.16487247566668245,0.90528,0.2524406247772276,2000.0,0.0312
function,mixed_surface,3,GD,mixed_surface,0.0,1,40,161,0.11239223474868172,0.11239223474868172,0.11239223474868172,0.10369221629755464,0.8864,0.4274647501297295,2000.0,
function,mixed_surface,3,MC,mixed_surface,0.0,1,40,161,0.16364095814091026,0.16364095814091026,0.16364095814091026,0.16472195850690574,0.90144,0.25753057496622206,2000.0,0.0349
function,mixed_surface,4,GD,mixed_surface,0.0,1,40,161,0.09885898839364242,0.09885898839364242,0.09885898839364242,0.0920839741335756,0.8864,0.4629711250308901,2000.0,
function,mixed_surface,4,MC,mixed_surface,0.0,1,40,161,0.16437507730630702,0.16437507730630702,0.16437507730630702,0.16549277649617058,0.9030400000000001,0.26263218335807326,2000.0,0.0305
function,mixed_surface,5,GD,mixed_surface,0.0,1,40,161,0.08623511272718784,0.08623511272718784,0.08623511272718784,0.0815065512154758,0.8896,0.4619942088611424,2000.0,
function,mixed_surface,5,MC,mixed_surface,0.0,1,40,161,0.16137164579707425,0.16137164579707425,0.16137164579707425,0.16183198195315532,0.89824,0.26707419981248676,2000.0,0.031
function,mixed_surface,6,GD,mixed_surface,0.0,1,40,161,0.10569556371008303,0.10569556371008303,0.10569556371008303,0.09732534627663426,0.8816,0.4360883750487119,2000.0,
function,mixed_surface,6,MC,mixed_surface,0.0,1,40,161,0.16346596592745768,0.16346596592745768,0.16346596592745768,0.16390944772114519,0.90784,0.27120019155554476,2000.0,0.0303
function,mixed_surface,7,GD,mixed_surface,0.0,1,40,161,0.09394629114841377,0.09394629114841377,0.09394629114841377,0.08750921898501672,0.8848,0.4757620000746101,2000.0,
function,mixed_surface,7,MC,mixed_surface,0.0,1,40,161,0.16326073886024153,0.16326073886024153,0.16326073886024153,0.16353481054677588,0.90112,0.26372979218140247,2000.0,0.0338
function,mixed_surface,8,GD,mixed_surface,0.0,1,40,161,0.11854083367963412,0.11854083367963412,0.11854083367963412,0.10948040066006204,0.888,0.4699594578705728,2000.0,
function,mixed_surface,8,MC,mixed_surface,0.0,1,40,161,0.16665722715429793,0.16665722715429793,0.16665722715429793,0.16748070571334464,0.9087999999999999,0.26660768296569587,2000.0,0.0231
function,mixed_surface,9,GD,mixed_surface,0.0,1,40,161,0.11301622164028567,0.11301622164028567,0.11301622164028567,0.10422699514602471,0.8832,0.4690180409234017,2000.0,
function,mixed_surface,9,MC,mixed_surface,0.0,1,40,161,0.16264271866754193,0.16264271866754193,0.16264271866754193,0.1627240667416768,0.90016,0.2699895999394357,2000.0,0.0376
function,mixed_surface,10,GD,mixed_surface,0.0,1,40,161,0.0900370590799395,0.0900370590799395,0.0900370590799395,0.08455624732419546,0.8928,0.4816856251563877,2000.0,
function,mixed_surface,10,MC,mixed_surface,0.0,1,40,161,0.16400854344049795,0.16400854344049795,0.16400854344049795,0.1652247731185195,0.90496,0.2749887167941779,2000.0,0.033800000000000004
function,mixed_surface,11,GD,mixed_surface,0.0,1,40,161,0.10215258079198022,0.10215258079198022,0.10215258079198022,0.09464270980148948,0.888,0.46139912493526936,2000.0,
function,mixed_surface,11,MC,mixed_surface,0.0,1,40,161,0.16231214135244817,0.16231214135244817,0.16231214135244817,0.16321985647092305,0.90176,0.2578884165734053,2000.0,0.0308
function,sin_pi,0,GD,sin_pi,0.0,1,40,121,0.001985642889293645,0.001985642889293645,0.001985642889293645,0.001918349226667956,0.305,0.2006101249717176,2000.0,
function,sin_pi,0,MC,sin_pi,0.0,1,40,121,0.00534407999280268,0.00534407999280268,0.00534407999280268,0.005100061016426118,0.601,0.12887489977292715,2000.0,0.09
function,sin_pi,1,GD,sin_pi,0.0,1,40,121,0.003205947713362968,0.003205947713362968,0.003205947713362968,0.00307562636984101,0.46,0.19551674998365343,2000.0,
function,sin_pi,1,MC,sin_pi,0.0,1,40,121,0.006441454593749893,0.006441454593749893,0.006441454593749893,0.006131841517925113,0.647,0.13041840838268398,2000.0,0.08990000000000001
function,sin_pi,2,GD,sin_pi,0.0,1,40,121,0.003250562411522329,0.003250562411522329,0.003250562411522329,0.0031197891539250025,0.46,0.19292924995534122,2000.0,
function,sin_pi,2,MC,sin_pi,0.0,1,40,121,0.007383260303703998,0.007383260303703998,0.007383260303703998,0.0070383875068681006,0.6799999999999999,0.13275056653656064,2000.0,0.0873
function,sin_pi,3,GD,sin_pi,0.0,1,40,121,0.002089820326320823,0.002089820326320823,0.002089820326320823,0.002016492345207932,0.315,0.19213854195550084,2000.0,
function,sin_pi,3,MC,sin_pi,0.0,1,40,121,0.005038599700290395,0.005038599700290395,0.005038599700290395,0.004846805045171961,0.588,0.15055277505889536,2000.0,0.0871
function,sin_pi,4,GD,sin_pi,0.0,1,40,121,0.0032569319978717646,0.0032569319978717646,0.0032569319978717646,0.003125755777245492,0.465,0.21465145819820464,2000.0,
function,sin_pi,4,MC,sin_pi,0.0,1,40,121,0.005669793308789696,0.005669793308789696,0.005669793308789696,0.005334577992743664,0.5,0.1288992834277451,2000.0,0.0948
function,sin_pi,5,GD,sin_pi,0.0,1,40,121,0.0021474248401241003,0.0021474248401241003,0.0021474248401241003,0.0020720150909376124,0.32,0.19051508302800357,2000.0,
function,sin_pi,5,MC,sin_pi,0.0,1,40,121,0.005752666000657854,0.005752666000657854,0.005752666000657854,0.005489075908488851,0.599,0.130014258204028,2000.0,0.09040000000000001
function,sin_pi,6,GD,sin_pi,0.0,1,40,121,0.002305827396378898,0.002305827396378898,0.002305827396378898,0.0022216162757435092,0.365,0.19859420810826123,2000.0,
function,sin_pi,6,MC,sin_pi,0.0,1,40,121,0.006807992434388363,0.006807992434388363,0.006807992434388363,0.006452427677755347,0.6279999999999999,0.1275010745972395,2000.0,0.0903
function,sin_pi,7,GD,sin_pi,0.0,1,40,121,0.00245302075248255,0.00245302075248255,0.00245302075248255,0.002361381777431905,0.39,0.1837100840639323,2000.0,
function,sin_pi,7,MC,sin_pi,0.0,1,40,121,0.005171536093570417,0.005171536093570417,0.005171536093570417,0.004941289422799501,0.583,0.12647675848565995,2000.0,0.087
function,sin_pi,8,GD,sin_pi,0.0,1,40,121,0.002255075215898509,0.002255075215898509,0.002255075215898509,0.002174780301912544,0.34,0.2125148749910295,2000.0,
function,sin_pi,8,MC,sin_pi,0.0,1,40,121,0.005721911674343648,0.005721911674343648,0.005721911674343648,0.005436090018274842,0.599,0.12765724174678325,2000.0,0.0875
function,sin_pi,9,GD,sin_pi,0.0,1,40,121,0.0032750829878609735,0.0032750829878609735,0.0032750829878609735,0.003141654442043506,0.465,0.18681220803409815,2000.0,
function,sin_pi,9,MC,sin_pi,0.0,1,40,121,0.006854231811644404,0.006854231811644404,0.006854231811644404,0.006499751861141857,0.645,0.1257524332497269,2000.0,0.0887
function,sin_pi,10,GD,sin_pi,0.0,1,40,121,0.002297298567979264,0.002297298567979264,0.002297298567979264,0.002214195770214977,0.35,0.19094429211691022,2000.0,
function,sin_pi,10,MC,sin_pi,0.0,1,40,121,0.0056023058926257885,0.0056023058926257885,0.0056023058926257885,0.005355891502371113,0.596,0.13250114126130938,2000.0,0.0861
function,sin_pi,11,GD,sin_pi,0.0,1,40,121,0.0031579245805846297,0.0031579245805846297,0.0031579245805846297,0.003029940204189553,0.455,0.19284741603769362,2000.0,
function,sin_pi,11,MC,sin_pi,0.0,1,40,121,0.008190586864674543,0.008190586864674543,0.008190586864674543,0.007841377486083536,0.714,0.12743979976512493,2000.0,0.0764
function,wave_trend,0,GD,wave_trend,0.0,1,40,121,0.030182517226854246,0.030182517226854246,0.030182517226854246,0.028389657520619366,0.84,0.21186291705816984,2000.0,
function,wave_trend,0,MC,wave_trend,0.0,1,40,121,0.09717728167640992,0.09717728167640992,0.09717728167640992,0.09275629045022049,0.9200000000000002,0.13190154982730745,2000.0,0.07239999999999999
function,wave_trend,1,GD,wave_trend,0.0,1,40,121,0.0292842563871567,0.0292842563871567,0.0292842563871567,0.027607862138840738,0.85,0.19325249991379678,2000.0,
function,wave_trend,1,MC,wave_trend,0.0,1,40,121,0.09491238704844984,0.09491238704844984,0.09491238704844984,0.09074464950110361,0.922,0.13312124158255756,2000.0,0.0666
function,wave_trend,2,GD,wave_trend,0.0,1,40,121,0.029465073880898026,0.029465073880898026,0.029465073880898026,0.02774499203261656,0.845,0.19145724992267787,2000.0,
function,wave_trend,2,MC,wave_trend,0.0,1,40,121,0.10111069278316465,0.10111069278316465,0.10111069278316465,0.09667795456336721,0.921,0.1326280583627522,2000.0,0.0671
function,wave_trend,3,GD,wave_trend,0.0,1,40,121,0.028592964224886393,0.028592964224886393,0.028592964224886393,0.026928504946671858,0.835,0.17786837508901954,2000.0,
function,wave_trend,3,MC,wave_trend,0.0,1,40,121,0.09034743636701173,0.09034743636701173,0.09034743636701173,0.08554765639798598,0.9109999999999999,0.12555079995654522,2000.0,0.0742
function,wave_trend,4,GD,wave_trend,0.0,1,40,121,0.032878241147286616,0.032878241147286616,0.032878241147286616,0.030812797739726904,0.83,0.1910696248523891,2000.0,
function,wave_trend,4,MC,wave_trend,0.0,1,40,121,0.12062800797055459,0.12062800797055459,0.12062800797055459,0.1177596794194152,0.9269999999999999,0.1241014666389674,2000.0,0.057699999999999994
function,wave_trend,5,GD,wave_trend,0.0,1,40,121,0.028748904897301076,0.028748904897301076,0.028748904897301076,0.027128236406406856,0.84,0.18534024991095066,2000.0,
function,wave_trend,5,MC,wave_trend,0.0,1,40,121,0.09290538461337756,0.09290538461337756,0.09290538461337756,0.08838609177621203,0.9200000000000002,0.12687057498842477,2000.0,0.0712
function,wave_trend,6,GD,wave_trend,0.0,1,40,121,0.028881654341422886,0.028881654341422886,0.028881654341422886,0.027240218108438127,0.84,0.18176887510344386,2000.0,
function,wave_trend,6,MC,wave_trend,0.0,1,40,121,0.10930965513710836,0.10930965513710836,0.10930965513710836,0.10514413421387998,0.9280000000000002,0.12889133342541753,2000.0,0.067
function,wave_trend,7,GD,wave_trend,0.0,1,40,121,0.026365675540625924,0.026365675540625924,0.026365675540625924,0.024922385017315824,0.835,0.19066420895978808,2000.0,
function,wave_trend,7,MC,wave_trend,0.0,1,40,121,0.09521057349272526,0.09521057349272526,0.09521057349272526,0.09050796817929009,0.915,0.12452760003507138,2000.0,0.0751
function,wave_trend,8,GD,wave_trend,0.0,1,40,121,0.03319460247980466,0.03319460247980466,0.03319460247980466,0.03103884321286865,0.835,0.18780891690403223,2000.0,
function,wave_trend,8,MC,wave_trend,0.0,1,40,121,0.10914549894708532,0.10914549894708532,0.10914549894708532,0.10585704461616192,0.929,0.11971188317984342,2000.0,0.064
function,wave_trend,9,GD,wave_trend,0.0,1,40,121,0.029350190748979058,0.029350190748979058,0.029350190748979058,0.027628855083866276,0.845,0.1843991670757532,2000.0,
function,wave_trend,9,MC,wave_trend,0.0,1,40,121,0.10099184950730829,0.10099184950730829,0.10099184950730829,0.09722889242694405,0.9269999999999999,0.11496021659113467,2000.0,0.0655
function,wave_trend,10,GD,wave_trend,0.0,1,40,121,0.027611444392883166,0.027611444392883166,0.027611444392883166,0.026016335001793598,0.825,0.1767047089524567,2000.0,
function,wave_trend,10,MC,wave_trend,0.0,1,40,121,0.09912536019880047,0.09912536019880047,0.09912536019880047,0.09502795749973571,0.9190000000000002,0.12136425003409386,2000.0,0.066
function,wave_trend,11,GD,wave_trend,0.0,1,40,121,0.028381845918295887,0.028381845918295887,0.028381845918295887,0.026784715528077527,0.845,0.17351237498223782,2000.0,
function,wave_trend,11,MC,wave_trend,0.0,1,40,121,0.08610899079512414,0.08610899079512414,0.08610899079512414,0.08165646173002819,0.9099999999999999,0.11309055839665234,2000.0,0.0711
model,baseline,0,GD,sin_pi,0.0,1,40,121,0.001985642889293645,0.001985642889293645,0.001985642889293645,0.001918349226667956,0.305,0.2173285000026226,2000.0,
model,baseline,0,MC,sin_pi,0.0,1,40,121,0.00534407999280268,0.00534407999280268,0.00534407999280268,0.005100061016426118,0.601,0.14344165842048823,2000.0,0.09
model,baseline,1,GD,sin_pi,0.0,1,40,121,0.003205947713362968,0.003205947713362968,0.003205947713362968,0.00307562636984101,0.46,0.22236349992454052,2000.0,
model,baseline,1,MC,sin_pi,0.0,1,40,121,0.006441454593749893,0.006441454593749893,0.006441454593749893,0.006131841517925113,0.647,0.14324471643194556,2000.0,0.08990000000000001
model,baseline,2,GD,sin_pi,0.0,1,40,121,0.003250562411522329,0.003250562411522329,0.003250562411522329,0.0031197891539250025,0.46,0.2203608329873532,2000.0,
model,baseline,2,MC,sin_pi,0.0,1,40,121,0.007383260303703998,0.007383260303703998,0.007383260303703998,0.0070383875068681006,0.6799999999999999,0.1388191668316722,2000.0,0.0873
model,baseline,3,GD,sin_pi,0.0,1,40,121,0.002089820326320823,0.002089820326320823,0.002089820326320823,0.002016492345207932,0.315,0.21037016692571342,2000.0,
model,baseline,3,MC,sin_pi,0.0,1,40,121,0.005038599700290395,0.005038599700290395,0.005038599700290395,0.004846805045171961,0.588,0.14923870842903852,2000.0,0.0871
model,baseline,4,GD,sin_pi,0.0,1,40,121,0.0032569319978717646,0.0032569319978717646,0.0032569319978717646,0.003125755777245492,0.465,0.21864679199643433,2000.0,
model,baseline,4,MC,sin_pi,0.0,1,40,121,0.005669793308789696,0.005669793308789696,0.005669793308789696,0.005334577992743664,0.5,0.14255187497474253,2000.0,0.0948
model,baseline,5,GD,sin_pi,0.0,1,40,121,0.0021474248401241003,0.0021474248401241003,0.0021474248401241003,0.0020720150909376124,0.32,0.24203166598454118,2000.0,
model,baseline,5,MC,sin_pi,0.0,1,40,121,0.005752666000657854,0.005752666000657854,0.005752666000657854,0.005489075908488851,0.599,0.14255837486125528,2000.0,0.09040000000000001
model,baseline,6,GD,sin_pi,0.0,1,40,121,0.002305827396378898,0.002305827396378898,0.002305827396378898,0.0022216162757435092,0.365,0.21519254194572568,2000.0,
model,baseline,6,MC,sin_pi,0.0,1,40,121,0.006807992434388363,0.006807992434388363,0.006807992434388363,0.006452427677755347,0.6279999999999999,0.13381316661834716,2000.0,0.0903
model,baseline,7,GD,sin_pi,0.0,1,40,121,0.00245302075248255,0.00245302075248255,0.00245302075248255,0.002361381777431905,0.39,0.22274641692638397,2000.0,
model,baseline,7,MC,sin_pi,0.0,1,40,121,0.005171536093570417,0.005171536093570417,0.005171536093570417,0.004941289422799501,0.583,0.14413179154507816,2000.0,0.087
model,baseline,8,GD,sin_pi,0.0,1,40,121,0.002255075215898509,0.002255075215898509,0.002255075215898509,0.002174780301912544,0.34,0.20720195793546736,2000.0,
model,baseline,8,MC,sin_pi,0.0,1,40,121,0.005721911674343648,0.005721911674343648,0.005721911674343648,0.005436090018274842,0.599,0.1403568083886057,2000.0,0.0875
model,baseline,9,GD,sin_pi,0.0,1,40,121,0.0032750829878609735,0.0032750829878609735,0.0032750829878609735,0.003141654442043506,0.465,0.20808141701854765,2000.0,
model,baseline,9,MC,sin_pi,0.0,1,40,121,0.006854231811644404,0.006854231811644404,0.006854231811644404,0.006499751861141857,0.645,0.13411487503908576,2000.0,0.0887
model,baseline,10,GD,sin_pi,0.0,1,40,121,0.002297298567979264,0.002297298567979264,0.002297298567979264,0.002214195770214977,0.35,0.19692320795729756,2000.0,
model,baseline,10,MC,sin_pi,0.0,1,40,121,0.0056023058926257885,0.0056023058926257885,0.0056023058926257885,0.005355891502371113,0.596,0.15034832498058676,2000.0,0.0861
model,baseline,11,GD,sin_pi,0.0,1,40,121,0.0031579245805846297,0.0031579245805846297,0.0031579245805846297,0.003029940204189553,0.455,0.2328613749705255,2000.0,
model,baseline,11,MC,sin_pi,0.0,1,40,121,0.008190586864674543,0.008190586864674543,0.008190586864674543,0.007841377486083536,0.714,0.14071291661821306,2000.0,0.0764
model,large,0,GD,sin_pi,0.0,2,40,1761,0.0027828522355438172,0.0027828522355438172,0.0027828522355438172,0.0026738382282032445,0.415,0.41061512497253716,2000.0,
model,large,0,MC,sin_pi,0.0,2,40,1761,0.011693412295709957,0.011693412295709957,0.011693412295709957,0.011082214866526083,0.726,0.25770847499370575,2000.0,0.05450000000000001
model,large,1,GD,sin_pi,0.0,2,40,1761,0.0034325568041441447,0.0034325568041441447,0.0034325568041441447,0.0032867488154193665,0.47,0.40887029096484184,2000.0,
model,large,1,MC,sin_pi,0.0,2,40,1761,0.010197747051969649,0.010197747051969649,0.010197747051969649,0.009704422293218763,0.702,0.25938026676885784,2000.0,0.057699999999999994
model,large,2,GD,sin_pi,0.0,2,40,1761,0.0027486399594890115,0.0027486399594890115,0.0027486399594890115,0.0026527577675850345,0.375,0.39927454106509686,2000.0,
model,large,2,MC,sin_pi,0.0,2,40,1761,0.009049468373417312,0.009049468373417312,0.009049468373417312,0.008616310353394163,0.682,0.24669257518835366,2000.0,0.0548
model,large,3,GD,sin_pi,0.0,2,40,1761,0.0024775272428688355,0.0024775272428688355,0.0024775272428688355,0.0023966563105052288,0.365,0.379096332937479,2000.0,
model,large,3,MC,sin_pi,0.0,2,40,1761,0.008589408652808255,0.008589408652808255,0.008589408652808255,0.008192948617829548,0.646,0.256430325191468,2000.0,0.0563
model,large,4,GD,sin_pi,0.0,2,40,1761,0.0026572942966822124,0.0026572942966822124,0.0026572942966822124,0.002551282136047468,0.4,0.4109309578780085,2000.0,
model,large,4,MC,sin_pi,0.0,2,40,1761,0.008610795979081636,0.008610795979081636,0.008610795979081636,0.008146763065745175,0.6639999999999999,0.28189179142937065,2000.0,0.0499
model,large,5,GD,sin_pi,0.0,2,40,1761,0.0025861037412112917,0.0025861037412112917,0.0025861037412112917,0.002496495684523305,0.365,0.3950559999793768,2000.0,
model,large,5,MC,sin_pi,0.0,2,40,1761,0.01010032838875008,0.01010032838875008,0.01010032838875008,0.0096536448226312,0.709,0.2459319831803441,2000.0,0.0469
model,large,6,GD,sin_pi,0.0,2,40,1761,0.0020119321379558856,0.0020119321379558856,0.0020119321379558856,0.0019567146859961753,0.335,0.3626396250911057,2000.0,
model,large,6,MC,sin_pi,0.0,2,40,1761,0.01090788793632736,0.01090788793632736,0.01090788793632736,0.01041545435621567,0.729,0.2584006584249437,2000.0,0.0529
model,large,7,GD,sin_pi,0.0,2,40,1761,0.0029332933928324606,0.0029332933928324606,0.0029332933928324606,0.0028187551350344416,0.425,0.42538229189813137,2000.0,
model,large,7,MC,sin_pi,0.0,2,40,1761,0.008092883603661664,0.008092883603661664,0.008092883603661664,0.007635972050966544,0.6609999999999999,0.26138614979572594,2000.0,0.0486
model,large,8,GD,sin_pi,0.0,2,40,1761,0.004405179830288991,0.004405179830288991,0.004405179830288991,0.004216544730996559,0.525,0.4052899160888046,2000.0,
model,large,8,MC,sin_pi,0.0,2,40,1761,0.009953133356950097,0.009953133356950097,0.009953133356950097,0.009425652758371279,0.679,0.24285328332334757,2000.0,0.0551
model,large,9,GD,sin_pi,0.0,2,40,1761,0.002927084379978755,0.002927084379978755,0.002927084379978755,0.00281794679119854,0.43,0.3769675411749631,2000.0,
model,large,9,MC,sin_pi,0.0,2,40,1761,0.009709726043190665,0.009709726043190665,0.009709726043190665,0.009146678162178054,0.651,0.26152269993908706,2000.0,0.053700000000000005
model,large,10,GD,sin_pi,0.0,2,40,1761,0.0016667077520598392,0.0016667077520598392,0.0016667077520598392,0.0016278333073523824,0.305,0.3899819168727845,2000.0,
model,large,10,MC,sin_pi,0.0,2,40,1761,0.008404201626007263,0.008404201626007263,0.008404201626007263,0.007987203290905498,0.652,0.2583672414999455,2000.0,0.0516
model,large,11,GD,sin_pi,0.0,2,40,1761,0.0026766188197645713,0.0026766188197645713,0.0026766188197645713,0.0025706219096620336,0.405,0.40383279090747237,2000.0,
model,large,11,MC,sin_pi,0.0,2,40,1761,0.008724339802953295,0.008724339802953295,0.008724339802953295,0.008324598607949237,0.6679999999999999,0.2515230001416057,2000.0,0.0518
model,small,0,GD,sin_pi,0.0,1,10,31,0.0035427504423968226,0.0035427504423968226,0.0035427504423968226,0.00338311572153719,0.48,0.10457700002007186,2000.0,
model,small,0,MC,sin_pi,0.0,1,10,31,0.0075932546749546605,0.0075932546749546605,0.0075932546749546605,0.00722277147723739,0.6859999999999999,0.058033074950799346,2000.0,0.08979999999999999
model,small,1,GD,sin_pi,0.0,1,10,31,0.004474545554337708,0.004474545554337708,0.004474545554337708,0.004265477246548106,0.565,0.10481933294795454,2000.0,
model,small,1,MC,sin_pi,0.0,1,10,31,0.009086385402819957,0.009086385402819957,0.009086385402819957,0.00860913397226238,0.716,0.05871657500974834,2000.0,0.0906
model,small,2,GD,sin_pi,0.0,1,10,31,0.004498714547990707,0.004498714547990707,0.004498714547990707,0.004288317863013523,0.57,0.10148879094049335,2000.0,
model,small,2,MC,sin_pi,0.0,1,10,31,0.009368999809636697,0.009368999809636697,0.009368999809636697,0.008917800298609465,0.722,0.058567957999184725,2000.0,0.1056
model,small,3,GD,sin_pi,0.0,1,10,31,0.003330145859613989,0.003330145859613989,0.003330145859613989,0.0031827778196762686,0.465,0.10410391702316701,2000.0,
model,small,3,MC,sin_pi,0.0,1,10,31,0.009047581859661653,0.009047581859661653,0.009047581859661653,0.008596548034684074,0.717,0.05823134984821081,2000.0,0.09390000000000001
model,small,4,GD,sin_pi,0.0,1,10,31,0.004949438043130356,0.004949438043130356,0.004949438043130356,0.004707102408278072,0.595,0.10068549984134734,2000.0,
model,small,4,MC,sin_pi,0.0,1,10,31,0.0069338748845318154,0.0069338748845318154,0.0069338748845318154,0.006601653930585023,0.641,0.05485252472572029,2000.0,0.0889
model,small,5,GD,sin_pi,0.0,1,10,31,0.004618679343426408,0.004618679343426408,0.004618679343426408,0.00440392157303491,0.575,0.09741279180161655,2000.0,
model,small,5,MC,sin_pi,0.0,1,10,31,0.007919681788195866,0.007919681788195866,0.007919681788195866,0.007590444433805128,0.705,0.05357721662148833,2000.0,0.09230000000000001
model,small,6,GD,sin_pi,0.0,1,10,31,0.0038849550131144816,0.0038849550131144816,0.0038849550131144816,0.003706141980843557,0.535,0.10082712513394654,2000.0,
model,small,6,MC,sin_pi,0.0,1,10,31,0.006952569539930742,0.006952569539930742,0.006952569539930742,0.006611989337971108,0.676,0.0558804334141314,2000.0,0.10629999999999999
model,small,7,GD,sin_pi,0.0,1,10,31,0.00428638190055261,0.00428638190055261,0.00428638190055261,0.00408702289316064,0.55,0.09538354212418199,2000.0,
model,small,7,MC,sin_pi,0.0,1,10,31,0.006905465644612564,0.006905465644612564,0.006905465644612564,0.006569599336479337,0.656,0.05350679978728294,2000.0,0.0977
model,small,8,GD,sin_pi,0.0,1,10,31,0.00490207813623807,0.00490207813623807,0.00490207813623807,0.004667659703904904,0.595,0.09606220899149776,2000.0,
model,small,8,MC,sin_pi,0.0,1,10,31,0.009350138872263871,0.009350138872263871,0.009350138872263871,0.008884757783381311,0.721,0.05645167473703623,2000.0,0.1051
model,small,9,GD,sin_pi,0.0,1,10,31,0.0046279318188700725,0.0046279318188700725,0.0046279318188700725,0.004411102001844102,0.58,0.10446062497794628,2000.0,
model,small,9,MC,sin_pi,0.0,1,10,31,0.00941697185552586,0.00941697185552586,0.00941697185552586,0.008940346726946173,0.729,0.057105233008041975,2000.0,0.10640000000000001
model,small,10,GD,sin_pi,0.0,1,10,31,0.004732469305928359,0.004732469305928359,0.004732469305928359,0.004513878568763221,0.59,0.09687279118224978,2000.0,
model,small,10,MC,sin_pi,0.0,1,10,31,0.006904632981485165,0.006904632981485165,0.006904632981485165,0.0065338825719129775,0.6479999999999999,0.055275008408352734,2000.0,0.0841
model,small,11,GD,sin_pi,0.0,1,10,31,0.0036382030705223987,0.0036382030705223987,0.0036382030705223987,0.00347492601937042,0.495,0.10071808309294283,2000.0,
model,small,11,MC,sin_pi,0.0,1,10,31,0.007117702963546324,0.007117702963546324,0.007117702963546324,0.006807788212958546,0.671,0.05897859204560518,2000.0,0.0957
noise,0.00,0,GD,sin_pi,0.0,1,40,121,0.001985642889293645,0.001985642889293645,0.001985642889293645,0.001918349226667956,0.305,0.22421620786190033,2000.0,
noise,0.00,0,MC,sin_pi,0.0,1,40,121,0.00534407999280268,0.00534407999280268,0.00534407999280268,0.005100061016426118,0.601,0.14073818344622852,2000.0,0.09
noise,0.00,1,GD,sin_pi,0.0,1,40,121,0.003205947713362968,0.003205947713362968,0.003205947713362968,0.00307562636984101,0.46,0.21788945910520852,2000.0,
noise,0.00,1,MC,sin_pi,0.0,1,40,121,0.006441454593749893,0.006441454593749893,0.006441454593749893,0.006131841517925113,0.647,0.13289602524600924,2000.0,0.08990000000000001
noise,0.00,2,GD,sin_pi,0.0,1,40,121,0.003250562411522329,0.003250562411522329,0.003250562411522329,0.0031197891539250025,0.46,0.19306341698393226,2000.0,
noise,0.00,2,MC,sin_pi,0.0,1,40,121,0.007383260303703998,0.007383260303703998,0.007383260303703998,0.0070383875068681006,0.6799999999999999,0.14037065841257573,2000.0,0.0873
noise,0.00,3,GD,sin_pi,0.0,1,40,121,0.002089820326320823,0.002089820326320823,0.002089820326320823,0.002016492345207932,0.315,0.22833487507887185,2000.0,
noise,0.00,3,MC,sin_pi,0.0,1,40,121,0.005038599700290395,0.005038599700290395,0.005038599700290395,0.004846805045171961,0.588,0.13310345830395817,2000.0,0.0871
noise,0.00,4,GD,sin_pi,0.0,1,40,121,0.0032569319978717646,0.0032569319978717646,0.0032569319978717646,0.003125755777245492,0.465,0.19379908288829029,2000.0,
noise,0.00,4,MC,sin_pi,0.0,1,40,121,0.005669793308789696,0.005669793308789696,0.005669793308789696,0.005334577992743664,0.5,0.12556031704880297,2000.0,0.0948
noise,0.00,5,GD,sin_pi,0.0,1,40,121,0.0021474248401241003,0.0021474248401241003,0.0021474248401241003,0.0020720150909376124,0.32,0.18900324986316264,2000.0,
noise,0.00,5,MC,sin_pi,0.0,1,40,121,0.005752666000657854,0.005752666000657854,0.005752666000657854,0.005489075908488851,0.599,0.12888483344577253,2000.0,0.09040000000000001
noise,0.00,6,GD,sin_pi,0.0,1,40,121,0.002305827396378898,0.002305827396378898,0.002305827396378898,0.0022216162757435092,0.365,0.21473604207858443,2000.0,
noise,0.00,6,MC,sin_pi,0.0,1,40,121,0.006807992434388363,0.006807992434388363,0.006807992434388363,0.006452427677755347,0.6279999999999999,0.14559920844621957,2000.0,0.0903
noise,0.00,7,GD,sin_pi,0.0,1,40,121,0.00245302075248255,0.00245302075248255,0.00245302075248255,0.002361381777431905,0.39,0.23341216705739498,2000.0,
noise,0.00,7,MC,sin_pi,0.0,1,40,121,0.005171536093570417,0.005171536093570417,0.005171536093570417,0.004941289422799501,0.583,0.14988773339428008,2000.0,0.087
noise,0.00,8,GD,sin_pi,0.0,1,40,121,0.002255075215898509,0.002255075215898509,0.002255075215898509,0.002174780301912544,0.34,0.2110357501078397,2000.0,
noise,0.00,8,MC,sin_pi,0.0,1,40,121,0.005721911674343648,0.005721911674343648,0.005721911674343648,0.005436090018274842,0.599,0.1292323749512434,2000.0,0.0875
noise,0.00,9,GD,sin_pi,0.0,1,40,121,0.0032750829878609735,0.0032750829878609735,0.0032750829878609735,0.003141654442043506,0.465,0.2148279589600861,2000.0,
noise,0.00,9,MC,sin_pi,0.0,1,40,121,0.006854231811644404,0.006854231811644404,0.006854231811644404,0.006499751861141857,0.645,0.131685591628775,2000.0,0.0887
noise,0.00,10,GD,sin_pi,0.0,1,40,121,0.002297298567979264,0.002297298567979264,0.002297298567979264,0.002214195770214977,0.35,0.21382174990139902,2000.0,
noise,0.00,10,MC,sin_pi,0.0,1,40,121,0.0056023058926257885,0.0056023058926257885,0.0056023058926257885,0.005355891502371113,0.596,0.12710524997673928,2000.0,0.0861
noise,0.00,11,GD,sin_pi,0.0,1,40,121,0.0031579245805846297,0.0031579245805846297,0.0031579245805846297,0.003029940204189553,0.455,0.1942128329537809,2000.0,
noise,0.00,11,MC,sin_pi,0.0,1,40,121,0.008190586864674543,0.008190586864674543,0.008190586864674543,0.007841377486083536,0.714,0.14019008334726096,2000.0,0.0764
noise,0.10,0,GD,sin_pi,0.1,1,40,121,0.012223647975080411,0.012223647975080411,0.0023194533598973927,0.0022599140701920735,0.59,0.208693333202973,2000.0,
noise,0.10,0,MC,sin_pi,0.1,1,40,121,0.01647506437956272,0.01647506437956272,0.006100558902791829,0.005824578173067617,0.67,0.12470409157685935,2000.0,0.0924
noise,0.10,1,GD,sin_pi,0.1,1,40,121,0.011543954293282761,0.011543954293282761,0.0033974999594409893,0.003275576204506099,0.62,0.20285508316010237,2000.0,
noise,0.10,1,MC,sin_pi,0.1,1,40,121,0.015012241155728676,0.015012241155728676,0.006816326194427532,0.0065113832493427365,0.687,0.1250409082043916,2000.0,0.0896
noise,0.10,2,GD,sin_pi,0.1,1,40,121,0.012556453595183058,0.012556453595183058,0.0037332126596452443,0.0035408918388190208,0.68,0.2181144580245018,2000.0,
noise,0.10,2,MC,sin_pi,0.1,1,40,121,0.014125365809534407,0.014125365809534407,0.005318042215189977,0.005008131317536918,0.7070000000000001,0.12731056655757128,2000.0,0.0885
noise,0.10,3,GD,sin_pi,0.1,1,40,121,0.010059293245549075,0.010059293245549075,0.00205222271349083,0.0019956999004259613,0.65,0.2017314590048045,2000.0,
noise,0.10,3,MC,sin_pi,0.1,1,40,121,0.01541107536869211,0.01541107536869211,0.007466886790556576,0.007175139657202584,0.6849999999999999,0.12675710823386907,2000.0,0.0856
noise,0.10,4,GD,sin_pi,0.1,1,40,121,0.013097239765748787,0.013097239765748787,0.003232282805921685,0.003137069246198862,0.705,0.20241729193367064,2000.0,
noise,0.10,4,MC,sin_pi,0.1,1,40,121,0.01528902019927283,0.01528902019927283,0.00566335787066063,0.0054701002019931656,0.7,0.12714089998044073,2000.0,0.0926
noise,0.10,5,GD,sin_pi,0.1,1,40,121,0.014343529460792264,0.014343529460792264,0.002067070838102154,0.001980539855253256,0.665,0.19407745799981058,2000.0,
noise,0.10,5,MC,sin_pi,0.1,1,40,121,0.016994299234832793,0.016994299234832793,0.004863913733104266,0.0046225010629397335,0.706,0.13934570839628577,2000.0,0.08990000000000001
noise,0.10,6,GD,sin_pi,0.1,1,40,121,0.012613966836948218,0.012613966836948218,0.0020253962536152907,0.0019477938107241145,0.655,0.2060430001001805,2000.0,
noise,0.10,6,MC,sin_pi,0.1,1,40,121,0.017047756957657548,0.017047756957657548,0.006347084586906172,0.006095277836327661,0.718,0.12794301635585725,2000.0,0.0888
noise,0.10,7,GD,sin_pi,0.1,1,40,121,0.011354685342388308,0.011354685342388308,0.0029340329323629386,0.0028831153665796645,0.665,0.19186345883645117,2000.0,
noise,0.10,7,MC,sin_pi,0.1,1,40,121,0.013274561877317934,0.013274561877317934,0.0045855680220009,0.004422642545084191,0.687,0.13005512519739568,2000.0,0.084
noise,0.10,8,GD,sin_pi,0.1,1,40,121,0.010552737952137332,0.010552737952137332,0.002090279915809286,0.0020484744254283963,0.685,0.21208116691559553,2000.0,
noise,0.10,8,MC,sin_pi,0.1,1,40,121,0.014276982838797456,0.014276982838797456,0.00581369251568385,0.005639653922273166,0.704,0.13513996680267154,2000.0,0.0935
noise,0.10,9,GD,sin_pi,0.1,1,40,121,0.011832578691694294,0.011832578691694294,0.003473105668978408,0.0033542080282071536,0.695,0.2203627498820424,2000.0,
noise,0.10,9,MC,sin_pi,0.1,1,40,121,0.015241168117240023,0.015241168117240023,0.0074115626088686465,0.00713674049402883,0.724,0.13233293341472746,2000.0,0.0891
noise,0.10,10,GD,sin_pi,0.1,1,40,121,0.011282547590812875,0.011282547590812875,0.0022451938924407666,0.002177235114487636,0.685,0.19317983300425112,2000.0,
noise,0.10,10,MC,sin_pi,0.1,1,40,121,0.013718506665377128,0.013718506665377128,0.004664739140521623,0.004488339166892554,0.6679999999999999,0.13343659983947873,2000.0,0.0867
noise,0.10,11,GD,sin_pi,0.1,1,40,121,0.013188496258674487,0.013188496258674487,0.0033545706899908946,0.0031878477612916844,0.705,0.19965266599319875,2000.0,
noise,0.10,11,MC,sin_pi,0.1,1,40,121,0.017382329710152335,0.017382329710152335,0.008164757847267935,0.007778250214558251,0.709,0.1337001165840775,2000.0,0.0767
noise,0.25,0,GD,sin_pi,0.25,1,40,121,0.06612918561673245,0.06612918561673245,0.003306623497905731,0.00326336541728796,0.835,0.20881208288483322,2000.0,
noise,0.25,0,MC,sin_pi,0.25,1,40,121,0.07061141792924552,0.07061141792924552,0.006876169969935027,0.006614833379179774,0.859,0.1255492499563843,2000.0,0.092
noise,0.25,1,GD,sin_pi,0.25,1,40,121,0.05494805926474739,0.05494805926474739,0.005186372506352368,0.00508884647542807,0.815,0.1979801671113819,2000.0,
noise,0.25,1,MC,sin_pi,0.25,1,40,121,0.05767627741597921,0.05767627741597921,0.007166039601022969,0.006949555188287171,0.8150000000000001,0.13581573353148996,2000.0,0.0934
noise,0.25,2,GD,sin_pi,0.25,1,40,121,0.06205687139507399,0.06205687139507399,0.005033285825139385,0.004731556461568406,0.8,0.19402091694064438,2000.0,
noise,0.25,2,MC,sin_pi,0.25,1,40,121,0.06391438979738931,0.06391438979738931,0.006635570801648301,0.006177510743334151,0.826,0.12747550839558244,2000.0,0.0844
noise,0.25,3,GD,sin_pi,0.25,1,40,121,0.052259772212799066,0.052259772212799066,0.002640578061902815,0.002598575219349273,0.83,0.18893800000660121,2000.0,
noise,0.25,3,MC,sin_pi,0.25,1,40,121,0.0567624761546878,0.0567624761546878,0.00764197357788515,0.0074701133795207555,0.8219999999999998,0.12488763304427267,2000.0,0.0842
noise,0.25,4,GD,sin_pi,0.25,1,40,121,0.06356519979771189,0.06356519979771189,0.004044934326297428,0.003994618427296756,0.915,0.205227083992213,2000.0,
noise,0.25,4,MC,sin_pi,0.25,1,40,121,0.06543242661863033,0.06543242661863033,0.006653909546236951,0.006532345399503568,0.885,0.1259743582457304,2000.0,0.0932
noise,0.25,5,GD,sin_pi,0.25,1,40,121,0.07766180945071322,0.07766180945071322,0.0036930483516009016,0.0035864553025117996,0.86,0.2236276250332594,2000.0,
noise,0.25,5,MC,sin_pi,0.25,1,40,121,0.08207978616786042,0.08207978616786042,0.007640931073422186,0.007312203606880442,0.8539999999999999,0.13248870819807052,2000.0,0.0847
noise,0.25,6,GD,sin_pi,0.25,1,40,121,0.06446603596890586,0.06446603596890586,0.003957218691694122,0.003907775548563048,0.865,0.21295470907352865,2000.0,
noise,0.25,6,MC,sin_pi,0.25,1,40,121,0.07030204421705204,0.07030204421705204,0.007609702076916555,0.007329504406694494,0.86,0.14865821679122745,2000.0,0.091
noise,0.25,7,GD,sin_pi,0.25,1,40,121,0.05857554720286272,0.05857554720286272,0.0033566936047691887,0.003353794781350652,0.835,0.21704608388245106,2000.0,
noise,0.25,7,MC,sin_pi,0.25,1,40,121,0.060468409011210575,0.060468409011210575,0.0056980817645693686,0.00563653662108485,0.8539999999999999,0.14277355833910405,2000.0,0.08449999999999999
noise,0.25,8,GD,sin_pi,0.25,1,40,121,0.054066946399171194,0.054066946399171194,0.0027526016191152408,0.0027572051765871472,0.85,0.21861508395522833,2000.0,
noise,0.25,8,MC,sin_pi,0.25,1,40,121,0.05871886149440274,0.05871886149440274,0.006033419200335967,0.005900533771185768,0.889,0.16703251679427922,2000.0,0.09419999999999999
noise,0.25,9,GD,sin_pi,0.25,1,40,121,0.05891182368786998,0.05891182368786998,0.004118249534039214,0.004022796357055504,0.865,0.25312691600993276,2000.0,
noise,0.25,9,MC,sin_pi,0.25,1,40,121,0.062443382185147056,0.062443382185147056,0.00856083540227659,0.008285563495235048,0.877,0.147881641658023,2000.0,0.0944
noise,0.25,10,GD,sin_pi,0.25,1,40,121,0.06069208221736197,0.06069208221736197,0.0027822865860244613,0.00274536093664068,0.85,0.22106350003741682,2000.0,
noise,0.25,10,MC,sin_pi,0.25,1,40,121,0.06443209555980238,0.06443209555980238,0.006483770339694377,0.006261948267625955,0.85,0.134913933230564,2000.0,0.084
noise,0.25,11,GD,sin_pi,0.25,1,40,121,0.06723722965852623,0.06723722965852623,0.005700060717780726,0.005485419201123278,0.89,0.19710095808841288,2000.0,
noise,0.25,11,MC,sin_pi,0.25,1,40,121,0.07037418741565739,0.07037418741565739,0.010678972367062169,0.010229683498523906,0.8699999999999999,0.13491534148342907,2000.0,0.076
objective,threshold,0,GD-MSE,sin_pi,0.0,1,40,121,0.07793527578231321,0.0029352757823132205,0.0029352757823132205,0.0028090843451152483,0.5,0.0863612920511514,800.0,
objective,threshold,0,GD-surrogate,sin_pi,0.0,1,40,121,0.03806118530423618,0.006561185304236181,0.006561185304236181,0.005988658135783806,0.21,0.09546162514016032,800.0,
objective,threshold,0,MC,sin_pi,0.0,1,40,121,0.060682404559923034,0.0056324045599230295,0.0056324045599230295,0.0052687085486055095,0.367,0.052876225160434845,800.0,0.0305
objective,threshold,1,GD-MSE,sin_pi,0.0,1,40,121,0.07634264038929273,0.002842640389292733,0.002842640389292733,0.0027206901122128727,0.49,0.08008395903743804,800.0,
objective,threshold,1,GD-surrogate,sin_pi,0.0,1,40,121,0.037120670654109754,0.00637067065410976,0.00637067065410976,0.0058141620263033374,0.205,0.08378470898605883,800.0,
objective,threshold,1,MC,sin_pi,0.0,1,40,121,0.06346600301634335,0.005416003016343357,0.005416003016343357,0.005086615802733275,0.387,0.05204173317179084,800.0,0.025750000000000002
objective,threshold,2,GD-MSE,sin_pi,0.0,1,40,121,0.028542537709370104,0.0015425377093701042,0.0015425377093701042,0.0014872250342000386,0.18,0.08528858283534646,800.0,
objective,threshold,2,GD-surrogate,sin_pi,0.0,1,40,121,0.023119219168519587,0.002119219168519586,0.002119219168519586,0.001957288705031038,0.14,0.09388283314183354,800.0,
objective,threshold,2,MC,sin_pi,0.0,1,40,121,0.04116845155426119,0.002618451554261185,0.002618451554261185,0.0024737012209053062,0.257,0.05379109992645681,800.0,0.0165
objective,threshold,3,GD-MSE,sin_pi,0.0,1,40,121,0.07882992067936766,0.0030799206793676627,0.0030799206793676627,0.0029476748211385594,0.505,0.087837666971609,800.0,
objective,threshold,3,GD-surrogate,sin_pi,0.0,1,40,121,0.03840680709876622,0.006906807098766217,0.006906807098766217,0.0063072292075061235,0.21,0.09749112511053681,800.0,
objective,threshold,3,MC,sin_pi,0.0,1,40,121,0.0666051045870886,0.006155104587088596,0.006155104587088596,0.005805392914174054,0.403,0.05412866696715355,800.0,0.026000000000000002
objective,threshold,4,GD-MSE,sin_pi,0.0,1,40,121,0.05917229160579826,0.0021722916057982673,0.0021722916057982673,0.0020855244288339233,0.38,0.07495216699317098,800.0,
objective,threshold,4,GD-surrogate,sin_pi,0.0,1,40,121,0.032980208632992086,0.004480208632992091,0.004480208632992091,0.00409706654341748,0.19,0.07964583300054073,800.0,
objective,threshold,4,MC,sin_pi,0.0,1,40,121,0.0593456027156708,0.004445602715670798,0.004445602715670798,0.004173202937172696,0.366,0.05006048339419067,800.0,0.0195
objective,threshold,5,GD-MSE,sin_pi,0.0,1,40,121,0.052941203961256095,0.0019412039612560932,0.0019412039612560932,0.0018660625535003215,0.34,0.07074741600081325,800.0,
objective,threshold,5,GD-surrogate,sin_pi,0.0,1,40,121,0.028813676729964252,0.0033136767299642494,0.0033136767299642494,0.0030329777906198245,0.17,0.07953774998895824,800.0,
objective,threshold,5,MC,sin_pi,0.0,1,40,121,0.04670794899883232,0.0032079489988323198,0.0032079489988323198,0.0030141340334581745,0.29000000000000004,0.04912116681225598,800.0,0.020999999999999998
objective,threshold,6,GD-MSE,sin_pi,0.0,1,40,121,0.0530028968149266,0.002002896814926596,0.002002896814926596,0.0019241888036564316,0.34,0.08582679089158773,800.0,
objective,threshold,6,GD-surrogate,sin_pi,0.0,1,40,121,0.03074771651911074,0.0037477165191107387,0.0037477165191107387,0.0034288031710865536,0.18,0.0845037498511374,800.0,
objective,threshold,6,MC,sin_pi,0.0,1,40,121,0.0513030334020377,0.003753033402037702,0.003753033402037702,0.0035253925099325116,0.317,0.05291613340377808,800.0,0.0215
objective,threshold,7,GD-MSE,sin_pi,0.0,1,40,121,0.0491114819514608,0.0018614819514607979,0.0018614819514607979,0.0017917919556938615,0.315,0.08416791702620685,800.0,
objective,threshold,7,GD-surrogate,sin_pi,0.0,1,40,121,0.02972241390688515,0.0034724139068851505,0.0034724139068851505,0.003184930627008828,0.175,0.09233604092150927,800.0,
objective,threshold,7,MC,sin_pi,0.0,1,40,121,0.05233844343191431,0.0038884434319143074,0.0038884434319143074,0.0036660871279865876,0.323,0.04531508316285908,800.0,0.02525
objective,threshold,8,GD-MSE,sin_pi,0.0,1,40,121,0.07639315874674941,0.0028931587467494226,0.0028931587467494226,0.002769433033630615,0.49,0.07944649993441999,800.0,
objective,threshold,8,GD-surrogate,sin_pi,0.0,1,40,121,0.037973553852761494,0.006473553852761491,0.006473553852761491,0.005909319950984001,0.21,0.0978869169484824,800.0,
objective,threshold,8,MC,sin_pi,0.0,1,40,121,0.06870593227761695,0.005105932277616948,0.005105932277616948,0.0048270514397778744,0.42400000000000004,0.05190620818175375,800.0,0.02025
objective,threshold,9,GD-MSE,sin_pi,0.0,1,40,121,0.06064867481628141,0.002148674816281415,0.002148674816281415,0.00206224153533543,0.39,0.08309058286249638,800.0,
objective,threshold,9,GD-surrogate,sin_pi,0.0,1,40,121,0.03118822451862624,0.00418822451862624,0.00418822451862624,0.0038275160966714543,0.18,0.09573229192756116,800.0,
objective,threshold,9,MC,sin_pi,0.0,1,40,121,0.059662996706823936,0.004012996706823935,0.004012996706823935,0.0037984790059480016,0.371,0.0523068584036082,800.0,0.01875
objective,threshold,10,GD-MSE,sin_pi,0.0,1,40,121,0.06148599219013128,0.0022359921901312827,0.0022359921901312827,0.0021450935093490623,0.395,0.08561325003392994,800.0,
objective,threshold,10,GD-surrogate,sin_pi,0.0,1,40,121,0.03316141258898367,0.0046614125889836685,0.0046614125889836685,0.004259206170432036,0.19,0.09090462513267994,800.0,
objective,threshold,10,MC,sin_pi,0.0,1,40,121,0.06442315701319376,0.004273157013193769,0.004273157013193769,0.00404130513761102,0.40099999999999997,0.053719908371567725,800.0,0.01775
objective,threshold,11,GD-MSE,sin_pi,0.0,1,40,121,0.0755642091509811,0.0028142091509811033,0.0028142091509811033,0.002693949178354942,0.485,0.07327074999921024,800.0,
objective,threshold,11,GD-surrogate,sin_pi,0.0,1,40,121,0.03714779889656699,0.006397798896566995,0.006397798896566995,0.005841303901103889,0.205,0.08898091688752174,800.0,
objective,threshold,11,MC,sin_pi,0.0,1,40,121,0.06654736916457768,0.005347369164577677,0.005347369164577677,0.005040231572349547,0.40800000000000003,0.05541563336737454,800.0,0.019999999999999997
